<?xml version="1.0" encoding="UTF-8"?><document lang="en">
  <packagename gtapi-trx-id="9b0a0889-898e-4e90-a32c-0e20cde215dd" translate="true">The Four Spiritual Laws</packagename>
  <page filename="ec954ea2-71c5-4298-8363-0d23f744be86.xml" gtapi-trx-id="6dbd0b2e-50c6-4a38-998a-1265bd5fa6d4" thumb="ef4a564c7f49b0aec7692e28e117121f9d5e0af8.png" translate="true">Home</page>
  <page filename="eab3bc60-75a3-4768-9dff-364c392201a2.xml" gtapi-trx-id="5c90a4e3-d317-475a-b365-5ba09e04547b" thumb="cad3037541c4f2deae7e8a90d2264139470a2fd9.png" translate="true">1 God Loves You And Created You To Know Him Personally.</page>
  <page filename="ddf7b536-a122-43e7-bb23-dd00c425fc1c.xml" gtapi-trx-id="e8b707be-9093-4657-ace0-29dcbaaba443" thumb="a397e6de389233649880b9ceea3eb1f9afcb667f.png" translate="true">2 We Are Separated From God By Our Sin, So We Cannot Know Him Or Experience His Love.</page>
  <page filename="4c8bcf4b-8954-440e-9f16-dc982bdd0711.xml" gtapi-trx-id="08b4e112-68fd-484d-aa80-8de606bcdb59" thumb="96e086d3d7d9a4cc170ad3dfbafc5eda93cbf15b.png" translate="true">3 Jesus Is God's Only Solution For Our Sin. Only Through Him Can We Know God And Receive His Love And Forgiveness.</page>
  <page filename="672031de-19a8-435e-968b-80dbff24ba35.xml" gtapi-trx-id="e33e8e40-6155-42e6-a4b5-ae7764584bf0" thumb="b2c14cce4518a251c072283a1226d7d176d575e4.png" translate="true">4 We Must Each Respond To Jesus By Placing Our Trust In Him As Our Saviour And Lord. Only Then Can We Know God Personally.</page>
  <page filename="9d5e3d42-ddca-4a5c-acd5-851fd76dbe34.xml" gtapi-trx-id="6c8588e2-9bed-4ac7-8d42-302de786321f" thumb="65f1140cd59a6195d9954711565db4094f1b33ab.png" translate="true">These Circles Describe Two Types Of People</page>
  <page filename="aed6e480-d9f8-4975-ac3c-6f3771407b8b.xml" gtapi-trx-id="3fa3553e-d848-4507-a938-566967a4e35a" thumb="9c7f716a36e1fc750c803ec14fdfd14713b2ad58.png" translate="true">You Can Express Your Attitude Toward God Through Prayer.</page>
  <page filename="2b0b74f1-0c3c-437f-b657-dbd8c0e64c8f.xml" gtapi-trx-id="8776af21-3965-4375-a945-7ae7fbda2495" thumb="e5c0e26f312fdad92d03f5838d429eaecbc09fb4.png" translate="true">How Can You Be Sure That All This Has Really Happened?</page>
  <page filename="e489744b-87d4-4919-a0f8-7f4a216cc566.xml" gtapi-trx-id="708706b4-b8f5-4bcd-b59c-a2f4d9482be8" thumb="5d30e1a50c09f61b53435d6480678acc9256da17.png" translate="true">If You Asked Jesus Into Your Life As Saviour And Lord, Many Things Have Happened, Including:</page>
  <page filename="c25cac29-65a8-4950-985f-5a24f23a3e16.xml" gtapi-trx-id="2a2eeebe-b4da-4513-9c04-dacc05bea407" thumb="173a10991cb2471ad5a4612fb9cc8f9d36738266.png" translate="true">How To Grow As A Follower Of Jesus</page>
  <page filename="fb37868e-06aa-4e8c-916b-13f083e9952d.xml" gtapi-trx-id="6b6fac79-94fe-4f74-9ba3-3802cd71e346" thumb="835538fdac6aae0c7c199f577d12d433a8926b95.png" translate="true">Special Materials</page>
  <about filename="733f283b-fa6d-41d4-86de-463139018017.xml" gtapi-trx-id="1f3fdcb9-d0e5-4d32-a5bb-2f1475cd6b2a" translate="true">About</about>
  <instructions gtapi-trx-id="d5c1d136-cb3b-40bc-8d32-c5bdf3d26c9f" translate="true"/>
</document>