<?xml version="1.0" encoding="UTF-8"?><document lang="en">
  <packagename gtapi-trx-id="45e65db9-957f-4ca5-b4ca-b60c4ce424c1" translate="true">Knowing God Personally</packagename>
  <page filename="2fefcfa6-3901-4e69-a5ee-95a89abaedd9.xml" gtapi-trx-id="33a0a915-a7ab-449f-aef4-f865e1298acb" thumb="PageThumb_01.png" translate="true">Home</page>
  <page filename="d4e26bf5-4bc9-4f92-a404-e011187f0da4.xml" gtapi-trx-id="74b6fb6f-58ec-493e-84f3-4c9278245591" thumb="PageThumb_02.png" translate="true">1 God Loves You And Created You To Know Him Personally.</page>
  <page filename="e26d79c5-00f5-4995-8126-45e5955c72e4.xml" gtapi-trx-id="c4378371-9a50-41ee-b4a5-c25bf2320674" thumb="PageThumb_03.png" translate="true">2 We Are Separated From God By Our Sin, So We Cannot Know Him Or Experience His Love.</page>
  <page filename="4611c692-84d3-4090-ab56-05a7d9867b00.xml" gtapi-trx-id="73748239-12da-428c-bee1-fc043913f0c5" thumb="PageThumb_04.png" translate="true">3 Jesus Is God's Only Solution For Our Sin. Only Through Him Can We Know God And Receive His Love And Forgiveness.</page>
  <page filename="ec0dd11d-c4e1-4ed7-9989-d2a399047b64.xml" gtapi-trx-id="5edf976c-d224-458c-be94-96d215164eef" thumb="PageThumb_05.png" translate="true">4 We Must Each Respond To Jesus By Placing Our Trust In Him As Our Saviour And Lord. Only Then Can We Know God Personally.</page>
  <page filename="9e2b42e7-bee8-4222-b9a2-1aa167366878.xml" gtapi-trx-id="3b9de2bb-9d9b-4bae-8ce2-973a98d33f22" thumb="PageThumb_06.png" translate="true">These Circles Describe Two Types Of People</page>
  <page filename="cee4eefe-ff22-45d1-88aa-35019ad7c510.xml" gtapi-trx-id="affc37a2-c698-48dd-bde2-54dc35f04ece" thumb="PageThumb_07.png" translate="true">To Begin A Relationship With God, You Must Give Jesus Everything.</page>
  <page filename="ef882208-648f-4d3b-ac1d-13e2aaf1fcc1.xml" gtapi-trx-id="b2247102-96fa-43ca-a66b-a6c3ffb04ac0" thumb="PageThumb_08.png" translate="true">You Can Express Your Attitude Toward God Through Prayer.</page>
  <page filename="e969e4c8-45a9-488f-9ab1-33d782bc4357.xml" gtapi-trx-id="2fdca489-1406-419c-b35b-5ade1afa9f7b" thumb="PageThumb_09.png" translate="true">What Happens When You Put Your Trust In Jesus?</page>
  <page filename="01841b42-c9bd-4370-aa52-a1d215829e6e.xml" gtapi-trx-id="a7e85fc6-b886-40f0-9665-033305f98bfc" thumb="PageThumb_10.png" translate="true">If You Asked Jesus Into Your Life As Saviour And Lord, Many Things Have Happened, Including:</page>
  <page filename="f9931eec-b38b-414d-9e07-5bc57905cf91.xml" gtapi-trx-id="eae2cfdc-02c2-4333-9af4-413cf2c48e60" thumb="PageThumb_11.png" translate="true">How Can You Be Sure That All This Has Really Happened?</page>
  <page filename="bd9040dc-a4b3-4b0c-8014-3d3013fc6875.xml" gtapi-trx-id="89b68a73-1195-4205-b682-62942b3dc2c6" thumb="PageThumb_12.png" translate="true">How To Grow As A Follower Of Jesus</page>
  <page filename="60e7ddd1-66bd-4c66-b662-9f22fa113dc6.xml" gtapi-trx-id="6b7dc303-66a7-4abb-987b-636020e31b77" thumb="PageThumb_13.png" translate="true">Websites To Assist You</page>
  <about filename="f8053fe2-43b3-4cd9-a08c-225afd3024b8.xml" gtapi-trx-id="0c41ea49-9905-46f0-bfa9-400d3807545c" translate="true">About</about>
  <instructions gtapi-trx-id="cc494223-8e9e-445e-aaa9-0982be68b65e" translate="true"/>
</document>