<?xml version="1.0" encoding="UTF-8"?><page buttons="5" color="#007486" watermark="90458873df4460124f51a61d5e22e2c3d021a739.png">
  <title>
    <number>3</number>
    <heading gtapi-trx-id="5a5ae378-915a-4fff-99af-9f0e6a91a86d" size="90" translate="true">JESUS IS GOD'S ONLY SOLUTION FOR OUR SIN. ONLY THROUGH HIM CAN WE KNOW GOD AND RECEIVE HIS LOVE AND FORGIVENESS.</heading>
  </title>
  <button>
    <buttontext gtapi-trx-id="cdfb46b6-6827-406d-b908-7b12566d4475" translate="true">Jesus is God</buttontext>
    <panel>
      <text gtapi-trx-id="f70b16f3-6f64-41eb-855c-3144817079ef" size="90" translate="true">Christ is the visible image of the invisible God. He existed before anything was created and is supreme over all creation.</text>
      <text gtapi-trx-id="e14d6b3b-f1b0-4487-8dd8-ec26eb6c32c3" size="90" textalign="right" translate="true">- Colossians 1:15</text>
    </panel>
  </button>
  <button>
    <buttontext gtapi-trx-id="709eefb9-dfaf-48d8-8265-beaf10a7677a" translate="true">Jesus Died In Our Place</buttontext>
    <panel>
      <text gtapi-trx-id="e9cacbb8-f5ed-41b7-a088-352484fb3a6a" size="90" translate="true">Christ suffered for our sins once for all time. He never sinned, but he died for sinners to bring you home safely to God.</text>
      <text gtapi-trx-id="0f0d51c7-d642-4b1d-98c0-1e6ce643180b" size="90" textalign="right" translate="true">- 1 Peter 3:18a</text>
    </panel>
  </button>
  <button>
    <buttontext gtapi-trx-id="fc311c3c-cccd-4376-ba75-a5829a9b339f" translate="true">Jesus Came Back to Life</buttontext>
    <panel>
      <text gtapi-trx-id="8accddf2-2b51-4e70-9442-d8370a95914f" size="90" translate="true">During the forty days after his crucifixion, he appeared to the apostles ... and he proved to them in many ways he was actually alive.   - Acts 1:3a</text>
      <text gtapi-trx-id="d94a834a-bb44-4eaf-a32f-6825d403937f" size="90" translate="true">His resurrection proved that he was God and that he had suffered the punishment we deserved in our place.</text>
    </panel>
  </button>
  <button>
    <buttontext gtapi-trx-id="5db3b981-35ba-4a56-902a-a366d4ce1930" translate="true">Jesus is the Only Way...</buttontext>
    <panel>
      <text gtapi-trx-id="bd8f809c-9bff-4a44-8935-d511ce68cbfc" size="90" translate="true">Jesus said, "I am the way, the truth and the life. No-one can come to the Father except through me."</text>
      <text gtapi-trx-id="6716296c-4d2d-47e1-b6b4-3670f06e47ff" size="90" textalign="right" translate="true">- John 14:6</text>
    </panel>
  </button>
  <button>
    <buttontext gtapi-trx-id="6751fa1d-efb6-431a-9907-1ce355ae50e4" translate="true">God Proves His Love...</buttontext>
    <panel>
      <text gtapi-trx-id="ae5d8b0a-4cbe-4749-982c-e014ad4f652b" size="80" translate="true" w="280">For God loved the world so much that he gave his one and only Son, so that everyone who believes in him will not perish but have eternal life. - John 3:16</text>
      <image align="center" h="120" w="120">f621f45b7ab7a8a7289ba1fe27976e24aa0f8888.png</image>
      <text gtapi-trx-id="a8df4e44-e7a9-4f3a-adef-117a48676b09" size="76" textalign="center" translate="true">▲ - God  |  † - Jesus  |  ★ - Man</text>
      <text gtapi-trx-id="c5e6b703-6978-4111-af16-3517e874da81" size="80" translate="true">Although we deserve to be cut off from God forever, in his love God sent Jesus to pay the penalty for our sins by dying on the cross.</text>
      <text gtapi-trx-id="0c2d3c8d-351d-4167-ada4-3feb9ce0425c" size="80" translate="true">Through Jesus, God has bridged the gap that separates us from him, and provided a way for us to be forgiven and restored to relationship with him.</text>
    </panel>
  </button>
  <question gtapi-trx-id="3adb3d8b-dd79-4448-a0b4-9816972866dd" size="90" translate="true">It's not enough just to know 
these points...</question>
</page>