<?xml version="1.0" encoding="UTF-8"?><page buttons="7" color="#BC1111" watermark="7332eeca6be3275ed2ef9340c3dab5816f8b88e7.png">
  <title>
    <heading gtapi-trx-id="6371b963-8350-425a-b4db-4b29b4809eab" size="95" translate="true" w="290" x="20">SUGGESTIONS FOR CHRISTIAN GROWTH</heading>
    <peekpanel gtapi-trx-id="46d0a51a-f2d1-4e3a-8eac-6be571dd8547" size="96" textalign="right" translate="true" w="260">Spiritual growth results from trusting Jesus Christ.  "...The righteous man shall live by faith" (Galatians 3:11).
            
            A life of faith will enable you to trust God increasingly with every detail of your life, and to practice the following:</peekpanel>
  </title>
  <button>
    <buttontext gtapi-trx-id="e5687d09-9a26-4195-8855-5be15b04665e" size="80" translate="true">G o ...</buttontext>
    <panel>
      <text gtapi-trx-id="90bef6b5-c6f8-4a3d-ab1a-9fbd75660743" size="90" translate="true">Go to God in prayer daily</text>
      <text gtapi-trx-id="c625a988-dd7d-44ae-af59-9e4baed5677c" size="80" textalign="right" translate="true">(John 15:7)</text>
    </panel>
  </button>
  <button>
    <buttontext gtapi-trx-id="913b2c56-7095-4048-a960-7d378ded7b07" size="80" translate="true">R ead ...</buttontext>
    <panel>
      <text gtapi-trx-id="7561abb4-d54b-4bd4-96a6-bd6e7d102489" size="90" translate="true">Read God's Word daily.</text>
      <text gtapi-trx-id="980518ae-87f0-48cf-9548-fba01ffdf721" size="80" textalign="right" translate="true">(see Acts 17:11)</text>
      <text gtapi-trx-id="6f9899a7-1198-4146-a3da-85b7af126829" size="90" translate="true">Begin with the Gospel of John.</text>
    </panel>
  </button>
  <button>
    <buttontext gtapi-trx-id="6e5ffc21-1b31-44a9-aba9-973d875e6d6b" size="80" translate="true">O bey ...</buttontext>
    <panel>
      <text gtapi-trx-id="5f832e24-e77c-4f36-be13-d0eaebda2a84" size="90" translate="true">Obey God moment by moment.</text>
      <text gtapi-trx-id="93f73e0d-9e71-4be1-a640-c8a4043afcff" size="80" textalign="right" translate="true">(see John 14:21)</text>
    </panel>
  </button>
  <button>
    <buttontext gtapi-trx-id="141466f7-fb7f-44e3-90a6-b98978615965" size="80" translate="true">W itness ...</buttontext>
    <panel>
      <text gtapi-trx-id="1318c4c5-f382-4592-8194-e4c439422b6f" size="90" translate="true">Witness for Christ by your life and words.</text>
      <text gtapi-trx-id="f9391851-9dd4-4ee7-9721-206aa0c5863d" size="80" textalign="right" translate="true">(see Matthew 4:19 and John 15:8)</text>
    </panel>
  </button>
  <button>
    <buttontext gtapi-trx-id="9094027f-4dbc-4fd0-928e-934e71463dbe" size="80" translate="true">T rust ...</buttontext>
    <panel>
      <text gtapi-trx-id="b248716d-7246-45e2-b3a4-ad2f4a5c32e8" size="90" translate="true">Trust God for every detail of your life.</text>
      <text gtapi-trx-id="88ec181e-a31f-4fe5-b75a-324dac335249" size="80" textalign="right" translate="true">(see 1 Peter 5:7)</text>
    </panel>
  </button>
  <button>
    <buttontext gtapi-trx-id="2c3474ae-287b-4467-b904-b67fa0375fc1" size="80" translate="true">H oly Spirit -</buttontext>
    <panel>
      <text gtapi-trx-id="bf9cefbd-6010-4a4d-9803-717737671c45" size="90" translate="true">Allow Him to control and empower your daily life and witness.</text>
      <text gtapi-trx-id="7d5e8f33-b4ba-4d4e-9f01-729a4692729a" size="80" textalign="right" translate="true">(see Galatians 5:16,17 and Acts 1:8)</text>
    </panel>
  </button>
  <button>
    <buttontext gtapi-trx-id="15bbe563-7469-4f41-900a-dd1e438b034b" size="80" translate="true">Fellowship In A Good Church</buttontext>
    <panel>
      <text gtapi-trx-id="9c196e7c-7cfe-4b3a-892d-3db23bb024a4" size="90" translate="true">God's Word instructs us not to forsake "the assembling of ourselves together" (Hebrews 10:25).  Several logs burn brightly together, but put one aside on the cold hearth and the fire goes out.  So it is with your relationship with other Christians.</text>
      <text gtapi-trx-id="e735a5c3-f155-4255-82d6-dce217ad1d85" size="90" translate="true">If you do not belong to a  church, do not wait to be invited.  Take the initiative; call the pastor of a nearby church where Christ is honored and His Word is preached.  Start this week, and make plans to attend regularly.</text>
    </panel>
  </button>
</page>