<?xml version="1.0" encoding="UTF-8"?><document lang="en">
  <packagename gtapi-trx-id="45e65db9-957f-4ca5-b4ca-b60c4ce424c1" translate="true">Knowing God Personally</packagename>
  <page filename="8cc2602f-c21d-45ee-b4fc-f13bb2546f11.xml" gtapi-trx-id="33a0a915-a7ab-449f-aef4-f865e1298acb" thumb="PageThumb_01.png" translate="true">Home</page>
  <page filename="e2ae0113-3d1b-4a1f-b796-375c479a5d24.xml" gtapi-trx-id="74b6fb6f-58ec-493e-84f3-4c9278245591" thumb="PageThumb_02.png" translate="true">1 God Loves You And Created You To Know Him Personally.</page>
  <page filename="69961d8a-6582-49ab-ac4d-be90df31549b.xml" gtapi-trx-id="c4378371-9a50-41ee-b4a5-c25bf2320674" thumb="PageThumb_03.png" translate="true">2 We Are Separated From God By Our Sin, So We Cannot Know Him Or Experience His Love.</page>
  <page filename="592d1724-cb45-48b9-95fc-55e3c8365a6c.xml" gtapi-trx-id="73748239-12da-428c-bee1-fc043913f0c5" thumb="PageThumb_04.png" translate="true">3 Jesus Is God's Only Solution For Our Sin. Only Through Him Can We Know God And Receive His Love And Forgiveness.</page>
  <page filename="121f4066-d729-437a-9ded-84bc5c37a25a.xml" gtapi-trx-id="5edf976c-d224-458c-be94-96d215164eef" thumb="PageThumb_05.png" translate="true">4 We Must Each Respond To Jesus By Placing Our Trust In Him As Our Saviour And Lord. Only Then Can We Know God Personally.</page>
  <page filename="c4fa35dc-798f-4c87-8e3f-228d4b94b6ce.xml" gtapi-trx-id="3b9de2bb-9d9b-4bae-8ce2-973a98d33f22" thumb="PageThumb_06.png" translate="true">These Circles Describe Two Types Of People</page>
  <page filename="5d6743f5-75ec-4cc0-8ac2-396e04993954.xml" gtapi-trx-id="affc37a2-c698-48dd-bde2-54dc35f04ece" thumb="PageThumb_07.png" translate="true">To Begin A Relationship With God, You Must Give Jesus Everything.</page>
  <page filename="e3661476-1618-46a1-b9bc-8c49bbfaef52.xml" gtapi-trx-id="b2247102-96fa-43ca-a66b-a6c3ffb04ac0" thumb="PageThumb_08.png" translate="true">You Can Express Your Attitude Toward God Through Prayer.</page>
  <page filename="ad48890d-b388-4e64-adf8-ce916ad1535c.xml" gtapi-trx-id="2fdca489-1406-419c-b35b-5ade1afa9f7b" thumb="PageThumb_09.png" translate="true">What Happens When You Put Your Trust In Jesus?</page>
  <page filename="19898761-ed75-479b-95e7-def72ff64c2a.xml" gtapi-trx-id="a7e85fc6-b886-40f0-9665-033305f98bfc" thumb="PageThumb_10.png" translate="true">If You Asked Jesus Into Your Life As Saviour And Lord, Many Things Have Happened, Including:</page>
  <page filename="97d8ad88-9e62-4329-aae3-1f7d74b8ed28.xml" gtapi-trx-id="eae2cfdc-02c2-4333-9af4-413cf2c48e60" thumb="PageThumb_11.png" translate="true">How Can You Be Sure That All This Has Really Happened?</page>
  <page filename="a656d26d-90e0-40fc-af52-d9d5f1f3e9fb.xml" gtapi-trx-id="89b68a73-1195-4205-b682-62942b3dc2c6" thumb="PageThumb_12.png" translate="true">How To Grow As A Follower Of Jesus</page>
  <page filename="c94abab3-2f64-4636-ac64-e09b4303396b.xml" gtapi-trx-id="6b7dc303-66a7-4abb-987b-636020e31b77" thumb="PageThumb_13.png" translate="true">Websites To Assist You</page>
  <about filename="2e8543fb-e9d0-483d-af47-aa1e18437d0f.xml" gtapi-trx-id="0c41ea49-9905-46f0-bfa9-400d3807545c" translate="true">About</about>
  <instructions gtapi-trx-id="cc494223-8e9e-445e-aaa9-0982be68b65e" translate="true"/>
</document>