<?xml version="1.0" encoding="UTF-8"?><page buttons="1" color="#00759A" watermark="7332eeca6be3275ed2ef9340c3dab5816f8b88e7.png">
  <title mode="straight">
    <heading gtapi-trx-id="e8a4256e-ce69-42d2-b9f9-9d54c90e762a" size="90" textalign="center" translate="true" w="300">YOU CAN RECEIVE CHRIST RIGHT NOW BY FAITH THROUGH PRAYER</heading>
  </title>
  <text gtapi-trx-id="62b35212-dc4e-4e2e-a7ac-09a68537c6f5" size="80" textalign="center" translate="true">(Prayer is talking with God)</text>
  <text gtapi-trx-id="d7df22f4-9678-4ee7-9c67-e7e5fc306112" modifier="bold-italics" size="120" textalign="center" translate="true" w="300">God knows your heart and is not so concerned with your words as He is with the attitude of your heart.</text>
  <button>
    <buttontext gtapi-trx-id="9087f3c4-35c7-47d0-b621-cbc835b014be" size="82" translate="true">The following is a suggested prayer:</buttontext>
    <panel>
      <image h="2" w="280">abee0a62e8f904a4ad019cbb0b93cfc0cca44c35.png</image>
      <text gtapi-trx-id="5ec11b23-302b-4c55-90d5-ed810f297757" modifier="italics" size="95" translate="true">Lord Jesus,

I need You.  Thank you for dying on the cross for my sins.  I open the door of my life and receive You as my Savior and Lord.
                
Thank You for forgiving my sins and giving me eternal life.  Take control of the throne of my life.  Make me the kind of person You want me to be.</text>
      <image h="2" w="280">abee0a62e8f904a4ad019cbb0b93cfc0cca44c35.png</image>
      <text gtapi-trx-id="ba926c37-e783-42bd-868a-7894c6c54088" size="95" textalign="center" translate="true">Does this prayer express the desire of your heart?  If it does, I invite you to pray this prayer right now.</text>
    </panel>
  </button>
  <question gtapi-trx-id="b4334eea-9d8c-484f-b919-7fed2d5fc635" mode="straight" size="96" translate="true">Christ will come into your life 
as He promised.</question>
</page>