<?xml version="1.0" encoding="UTF-8"?><document lang="en">
  <packagename gtapi-trx-id="45e65db9-957f-4ca5-b4ca-b60c4ce424c1" translate="true">Knowing God Personally</packagename>
  <page filename="c1f1074d-ae70-49f9-9c19-390eff66c7cc.xml" gtapi-trx-id="33a0a915-a7ab-449f-aef4-f865e1298acb" thumb="PageThumb_01.png" translate="true">Home</page>
  <page filename="3ce6e4b3-20d8-483c-8c06-fa0d91cdae20.xml" gtapi-trx-id="74b6fb6f-58ec-493e-84f3-4c9278245591" thumb="PageThumb_02.png" translate="true">1 God Loves You And Created You To Know Him Personally.</page>
  <page filename="4e0f1ccb-135c-4792-b3e2-01ecd4eea8da.xml" gtapi-trx-id="c4378371-9a50-41ee-b4a5-c25bf2320674" thumb="PageThumb_03.png" translate="true">2 We Are Separated From God By Our Sin, So We Cannot Know Him Or Experience His Love.</page>
  <page filename="2072f402-ffb7-4f78-bab1-a664317f1d20.xml" gtapi-trx-id="73748239-12da-428c-bee1-fc043913f0c5" thumb="PageThumb_04.png" translate="true">3 Jesus Is God's Only Solution For Our Sin. Only Through Him Can We Know God And Receive His Love And Forgiveness.</page>
  <page filename="06f20482-b316-4b6d-9d09-ba1ead4041c1.xml" gtapi-trx-id="5edf976c-d224-458c-be94-96d215164eef" thumb="PageThumb_05.png" translate="true">4 We Must Each Respond To Jesus By Placing Our Trust In Him As Our Saviour And Lord. Only Then Can We Know God Personally.</page>
  <page filename="9807cce8-6e36-4504-9141-835acf9b51f5.xml" gtapi-trx-id="3b9de2bb-9d9b-4bae-8ce2-973a98d33f22" thumb="PageThumb_06.png" translate="true">These Circles Describe Two Types Of People</page>
  <page filename="e5aee398-b39f-4d0b-bb7f-1a19a629fc76.xml" gtapi-trx-id="affc37a2-c698-48dd-bde2-54dc35f04ece" thumb="PageThumb_07.png" translate="true">To Begin A Relationship With God, You Must Give Jesus Everything.</page>
  <page filename="92d07c86-a0ea-40a6-83c5-8f9152853b16.xml" gtapi-trx-id="b2247102-96fa-43ca-a66b-a6c3ffb04ac0" thumb="PageThumb_08.png" translate="true">You Can Express Your Attitude Toward God Through Prayer.</page>
  <page filename="819c84b7-7576-4920-a622-ad0d6f89c5a1.xml" gtapi-trx-id="2fdca489-1406-419c-b35b-5ade1afa9f7b" thumb="PageThumb_09.png" translate="true">What Happens When You Put Your Trust In Jesus?</page>
  <page filename="993d3115-166a-4522-98c6-2df7e203bf15.xml" gtapi-trx-id="a7e85fc6-b886-40f0-9665-033305f98bfc" thumb="PageThumb_10.png" translate="true">If You Asked Jesus Into Your Life As Saviour And Lord, Many Things Have Happened, Including:</page>
  <page filename="890baf7f-a88d-49ac-9496-53c2e0bd6c1c.xml" gtapi-trx-id="eae2cfdc-02c2-4333-9af4-413cf2c48e60" thumb="PageThumb_11.png" translate="true">How Can You Be Sure That All This Has Really Happened?</page>
  <page filename="d45ef9ca-6d1c-4274-90c2-2eb31e6db8a1.xml" gtapi-trx-id="89b68a73-1195-4205-b682-62942b3dc2c6" thumb="PageThumb_12.png" translate="true">How To Grow As A Follower Of Jesus</page>
  <page filename="29a136a0-70b6-486d-8eb7-3742069b2fae.xml" gtapi-trx-id="6b7dc303-66a7-4abb-987b-636020e31b77" thumb="PageThumb_13.png" translate="true">Websites To Assist You</page>
  <about filename="0a3979c4-b40b-4072-b21a-7e07b71dc5de.xml" gtapi-trx-id="0c41ea49-9905-46f0-bfa9-400d3807545c" translate="true">About</about>
  <instructions gtapi-trx-id="cc494223-8e9e-445e-aaa9-0982be68b65e" translate="true"/>
</document>